{
  "$schema": "https://turborepo.com/schema.json",
  "tasks": {
    "build": {
      "dependsOn": ["^build"],
      "inputs": ["$TURBO_DEFAULT$", ".env*"],
      "outputs": [".next/**", "!.next/cache/**"],
      "env": ["DATABASE_URL"]
    },
    "lint": {
      "dependsOn": ["^lint"]
    },
    "check-types": {
      "dependsOn": ["^check-types"]
    },
    "dev": {
      "cache": false,
      "persistent": true
    },
    "db:generate": {
      "cache": false
    },
    "db:migrate": {
      "cache": false,
      "persistent": true
    },
    "db:deploy": {
      "cache": false
    }
  }
}
